date time utc,methane concentration,wind speed resultant,wind direction,temperature
2019-02-24T06:00:00Z,0.0247,2.49387566,303.79,38.1
2019-02-24T06:01:00Z,0.0214,2.507,304.09,38.247
2019-02-24T06:02:00Z,0.0254,2.475,304.39,38.323
2019-02-24T06:03:00Z,0.0246,2.667,304.69,38.309
2019-02-24T06:04:00Z,0.0227,2.908,304.99,38.275
2019-02-24T06:05:00Z,0.0222,3.137,305.29,38.179
2019-02-24T06:06:00Z,0.022,3.221,305.59,38.067
2019-02-24T06:07:00Z,0.0243,3.415,305.89,38.048
2019-02-24T06:08:00Z,0.0231,3.307,306.2,37.997
2019-02-24T06:09:00Z,0.0213,3.111,306.5,38.101
2019-02-24T06:10:00Z,0.0237,3.352,306.81,38.215
2019-02-24T06:11:00Z,0.0227,3.402,307.11,38.163
2019-02-24T06:12:00Z,0.0231,3.32,307.42,38.187
2019-02-24T06:13:00Z,0.0218,3.14,307.73,38.346
2019-02-24T06:14:00Z,0.0256,3.223,308.03,38.322
2019-02-24T06:15:00Z,0.0251,3.366,308.34,38.476
2019-02-24T06:16:00Z,0.0241,3.135,308.65,38.443
2019-02-24T06:17:00Z,0.0212,3.231,308.96,38.517
2019-02-24T06:18:00Z,0.0255,3.04,309.27,38.537
2019-02-24T06:19:00Z,0.0258,2.973,309.58,38.6
2019-02-24T06:20:00Z,0.0211,2.837,309.89,38.745
2019-02-24T06:21:00Z,0.0224,3.02,310.21,38.679
2019-02-24T06:22:00Z,0.0251,2.865,310.52,38.755
2019-02-24T06:23:00Z,0.0221,2.97,310.83,39.009
2019-02-24T06:24:00Z,0.0213,3.125,311.15,39.074
2019-02-24T06:25:00Z,0.0212,3.005,311.46,39.093
2019-02-24T06:26:00Z,0.0252,2.95,311.78,38.962
2019-02-24T06:27:00Z,0.0213,2.959,312.09,39.07
2019-02-24T06:28:00Z,0.0257,2.727,312.41,39.05
2019-02-24T06:29:00Z,0.0233,2.532,312.72,39.287
2019-02-24T06:30:00Z,0.0235,2.545,313.04,39.195
2019-02-24T06:31:00Z,0.0233,2.726,313.36,39.291
2019-02-24T06:32:00Z,0.0261,2.616,313.68,39.192
2019-02-24T06:33:00Z,0.0236,2.785,313.99,39.306
2019-02-24T06:34:00Z,0.0255,2.73,314.31,39.109
2019-02-24T06:35:00Z,0.0217,2.521,314.63,38.965
2019-02-24T06:36:00Z,0.0213,2.439,314.95,38.901
2019-02-24T06:37:00Z,0.0227,2.518,315.27,38.957
2019-02-24T06:38:00Z,0.0227,2.277,315.59,38.892
2019-02-24T06:39:00Z,0.0253,2.486,315.91,38.947
2019-02-24T06:40:00Z,0.023,2.248,316.23,38.765
2019-02-24T06:41:00Z,0.0244,2.03,316.55,38.534
2019-02-24T06:42:00Z,0.0221,1.849,316.87,38.296
2019-02-24T06:43:00Z,0.0245,1.739,317.19,38.15
2019-02-24T06:44:00Z,0.0247,1.612,317.51,38.126
2019-02-24T06:45:00Z,0.0217,1.384,317.83,38.374
2019-02-24T06:46:00Z,0.0247,1.194,318.15,38.532
2019-02-24T06:47:00Z,0.025,1.03,318.47,38.394
2019-02-24T06:48:00Z,0.0218,1.199,318.79,38.628
2019-02-24T06:49:00Z,0.0231,1.283,319.12,38.469
2019-02-24T06:50:00Z,0.0238,1.384,319.44,38.496
2019-02-24T06:51:00Z,0.0228,1.505,319.76,38.291
2019-02-24T06:52:00Z,0.0214,1.261,320.08,38.151
2019-02-24T06:53:00Z,0.0218,1.216,320.4,38.04
2019-02-24T06:54:00Z,0.0219,1.289,320.72,38.199
2019-02-24T06:55:00Z,0.0228,1.221,321.04,37.964
2019-02-24T06:56:00Z,0.0225,1.295,321.36,37.742
2019-02-24T06:57:00Z,0.0233,1.052,321.69,37.883
2019-02-24T06:58:00Z,0.0227,0.808,322.01,37.72
2019-02-24T06:59:00Z,0.0228,0.956,322.33,37.857
2019-02-24T07:00:00Z,0.0245,0.852,322.65,38.076
2019-02-24T07:01:00Z,0.0236,1.026,322.97,38.089
2019-02-24T07:02:00Z,0.0209,0.836,323.29,38.326
2019-02-24T07:03:00Z,0.02,0.758,323.61,38.33
2019-02-24T07:04:00Z,0.0232,0.887,323.93,38.369
2019-02-24T07:05:00Z,0.0237,1.076,324.25,38.151
2019-02-24T07:06:00Z,0.0239,0.999,324.57,38.174
2019-02-24T07:07:00Z,0.022,1.15,324.89,38.337
2019-02-24T07:08:00Z,0.0248,1.205,325.2,38.285
2019-02-24T07:09:00Z,0.0242,1.195,325.52,38.492
2019-02-24T07:10:00Z,0.0198,1.351,325.84,38.347
2019-02-24T07:11:00Z,0.0199,1.45,326.16,38.237
2019-02-24T07:12:00Z,0.0222,1.498,326.47,38.352
2019-02-24T07:13:00Z,0.0217,1.537,326.79,38.116
2019-02-24T07:14:00Z,0.0223,1.501,327.11,38.232
2019-02-24T07:15:00Z,0.0197,1.678,327.42,38.198
2019-02-24T07:16:00Z,0.0193,1.545,327.74,38.048
2019-02-24T07:17:00Z,0.0214,1.321,328.05,38.022
2019-02-24T07:18:00Z,0.0209,1.428,328.37,38.208
2019-02-24T07:19:00Z,0.0225,1.361,328.68,38.16
2019-02-24T07:20:00Z,0.0213,1.527,328.99,38.297
2019-02-24T07:21:00Z,0.0202,1.292,329.31,38.464
2019-02-24T07:22:00Z,0.0222,1.272,329.62,38.408
2019-02-24T07:23:00Z,0.0241,1.081,329.93,38.481
2019-02-24T07:24:00Z,0.0206,1.101,330.24,38.661
2019-02-24T07:25:00Z,0.0205,1.258,330.55,38.559
2019-02-24T07:26:00Z,0.0221,1.373,330.86,38.579
2019-02-24T07:27:00Z,0.0209,1.601,331.17,38.469
2019-02-24T07:28:00Z,0.0241,1.47,331.48,38.405
2019-02-24T07:29:00Z,0.0241,1.374,331.78,38.638
2019-02-24T07:30:00Z,0.0243,1.466,332.09,38.735
2019-02-24T07:31:00Z,0.0209,1.64,332.4,38.793
2019-02-24T07:32:00Z,0.0226,1.614,332.7,38.723
2019-02-24T07:33:00Z,0.0198,1.673,333.01,38.664
2019-02-24T07:34:00Z,0.0216,1.715,333.31,38.632
2019-02-24T07:35:00Z,0.0238,1.587,333.61,38.573
2019-02-24T07:36:00Z,0.0246,1.505,333.92,38.373
2019-02-24T07:37:00Z,0.0239,1.626,334.22,38.305
2019-02-24T07:38:00Z,0.021,1.673,334.52,38.334
2019-02-24T07:39:00Z,0.022,1.805,334.82,38.145
2019-02-24T07:40:00Z,0.0212,1.835,335.12,38.289
2019-02-24T07:41:00Z,0.0206,1.587,335.42,38.385
2019-02-24T07:42:00Z,0.0235,1.482,335.71,38.547
2019-02-24T07:43:00Z,0.0225,1.703,336.01,38.718
2019-02-24T07:44:00Z,0.0202,1.571,336.3,38.755
2019-02-24T07:45:00Z,0.0231,1.747,336.6,38.916
2019-02-24T07:46:00Z,0.0237,1.637,336.89,39.066
2019-02-24T07:47:00Z,0.0221,1.482,337.18,38.855
2019-02-24T07:48:00Z,0.0226,1.402,337.48,39.04
2019-02-24T07:49:00Z,0.0227,1.211,337.77,38.914
2019-02-24T07:50:00Z,0.0202,1.121,338.06,38.952
2019-02-24T07:51:00Z,0.0241,1.222,338.35,39.128
2019-02-24T07:52:00Z,0.0217,1.335,338.63,39.121
2019-02-24T07:53:00Z,0.0245,1.101,338.92,39.053
2019-02-24T07:54:00Z,0.0235,0.874,339.21,39.108
2019-02-24T07:55:00Z,0.0229,1.096,339.49,39.34
2019-02-24T07:56:00Z,0.0201,1.078,339.78,39.323
2019-02-24T07:57:00Z,0.0223,1.202,340.06,39.442
2019-02-24T07:58:00Z,0.0224,1.167,340.34,39.403
2019-02-24T07:59:00Z,0.0251,1.184,340.62,39.584
2019-02-24T08:00:00Z,0.0222,1.364,340.9,39.545
2019-02-24T08:01:00Z,0.0211,1.611,341.18,39.664
2019-02-24T08:02:00Z,0.0219,1.739,341.46,39.789
2019-02-24T08:03:00Z,0.0235,1.918,341.73,39.55
2019-02-24T08:04:00Z,0.0227,1.8,342.01,39.452
2019-02-24T08:05:00Z,0.0241,1.769,342.28,39.495
2019-02-24T08:06:00Z,0.0203,1.763,342.56,39.368
2019-02-24T08:07:00Z,0.0219,1.633,342.83,39.443
2019-02-24T08:08:00Z,0.0255,1.561,343.1,39.247
2019-02-24T08:09:00Z,0.0212,1.451,343.37,39.275
2019-02-24T08:10:00Z,0.0249,1.521,343.64,39.238
2019-02-24T08:11:00Z,0.0249,1.468,343.91,39.481
2019-02-24T08:12:00Z,0.0204,1.553,344.17,39.527
2019-02-24T08:13:00Z,0.0206,1.716,344.44,39.664
2019-02-24T08:14:00Z,0.0241,1.598,344.7,39.832
2019-02-24T08:15:00Z,0.0241,1.431,344.97,39.806
2019-02-24T08:16:00Z,0.0218,1.668,345.23,39.913
2019-02-24T08:17:00Z,0.0214,1.45,345.49,39.876
2019-02-24T08:18:00Z,0.0249,1.499,345.75,39.956
2019-02-24T08:19:00Z,0.024,1.37,346.01,40.034
2019-02-24T08:20:00Z,0.0219,1.374,346.26,40.217
2019-02-24T08:21:00Z,0.024,1.603,346.52,40.018
2019-02-24T08:22:00Z,0.0233,1.515,346.78,40.199
2019-02-24T08:23:00Z,0.0241,1.669,347.03,40.032
2019-02-24T08:24:00Z,0.0252,1.74,347.28,40.087
2019-02-24T08:25:00Z,0.0246,1.932,347.53,40.18
2019-02-24T08:26:00Z,0.025,1.974,347.78,39.962
2019-02-24T08:27:00Z,0.0223,2.049,348.03,40.05
2019-02-24T08:28:00Z,0.0247,2.031,348.28,40.308
2019-02-24T08:29:00Z,0.0232,1.86,348.53,40.359
2019-02-24T08:30:00Z,0.025,1.656,348.77,40.214
2019-02-24T08:31:00Z,0.0217,1.704,349.02,40.288
2019-02-24T08:32:00Z,0.0247,1.909,349.26,40.523
2019-02-24T08:33:00Z,0.0222,1.995,349.51,40.323
2019-02-24T08:34:00Z,0.0239,2.147,349.75,40.522
2019-02-24T08:35:00Z,0.0254,2.328,349.99,40.512
2019-02-24T08:36:00Z,0.0239,2.379,350.23,40.743
2019-02-24T08:37:00Z,0.0211,2.464,350.46,40.744
2019-02-24T08:38:00Z,0.0219,2.427,350.7,40.947
2019-02-24T08:39:00Z,0.0244,2.633,350.93,40.802
2019-02-24T08:40:00Z,0.0232,2.622,351.17,40.72
2019-02-24T08:41:00Z,0.0221,2.643,351.4,40.674
2019-02-24T08:42:00Z,0.0217,2.495,351.63,40.508
2019-02-24T08:43:00Z,0.0213,2.447,351.86,40.299
2019-02-24T08:44:00Z,0.0209,2.38,352.09,40.386
2019-02-24T08:45:00Z,0.0243,2.43,352.32,40.621
2019-02-24T08:46:00Z,0.0219,2.323,352.55,40.531
2019-02-24T08:47:00Z,0.0225,2.083,352.78,40.408
2019-02-24T08:48:00Z,0.0237,1.997,353,40.349
2019-02-24T08:49:00Z,0.0249,1.751,353.22,40.331
2019-02-24T08:50:00Z,0.0248,1.514,353.45,40.486
2019-02-24T08:51:00Z,0.0212,1.59,353.67,40.298
2019-02-24T08:52:00Z,0.0248,1.411,353.89,40.367
2019-02-24T08:53:00Z,0.0228,1.281,354.11,40.295
2019-02-24T08:54:00Z,0.022,1.262,354.33,40.341
2019-02-24T08:55:00Z,0.0215,1.322,354.54,40.585
2019-02-24T08:56:00Z,0.0234,1.457,354.76,40.508
2019-02-24T08:57:00Z,0.0211,1.596,354.97,40.556
2019-02-24T08:58:00Z,0.021,1.41,355.19,40.408
2019-02-24T08:59:00Z,0.0221,1.194,355.4,40.189
2019-02-24T09:00:00Z,0.0229,1.234,355.66,40.437
2019-02-24T09:01:00Z,0.022,1.162,355.93,40.652
2019-02-24T09:02:00Z,0.0227,0.959,356.2,40.69
2019-02-24T09:03:00Z,0.0222,1.167,356.48,40.783
2019-02-24T09:04:00Z,0.0248,0.954,356.75,40.823
2019-02-24T09:05:00Z,0.0244,1.168,357.03,40.738
2019-02-24T09:06:00Z,0.022,1.38,357.31,40.915
2019-02-24T09:07:00Z,0.0261,1.189,357.59,41.054
2019-02-24T09:08:00Z,0.0259,1.35,357.88,40.828
2019-02-24T09:09:00Z,0.0247,1.213,358.17,40.611
2019-02-24T09:10:00Z,0.023,1.013,358.46,40.389
2019-02-24T09:11:00Z,0.0219,0.894,358.75,40.613
2019-02-24T09:12:00Z,0.0249,1.081,359.04,40.836
2019-02-24T09:13:00Z,0.0216,0.886,359.34,41.068
2019-02-24T09:14:00Z,0.0207,0.743,359.64,41.2
2019-02-24T09:15:00Z,0.0229,0.787,359.94,41.198
2019-02-24T09:16:00Z,0.0226,0.652,0.25,41.369
2019-02-24T09:17:00Z,0.0228,0.883,0.55,41.343
2019-02-24T09:18:00Z,0.0228,0.841,0.86,41.498
2019-02-24T09:19:00Z,0.0236,0.76,1.17,41.456
2019-02-24T09:20:00Z,0.023,0.86,1.49,41.555
2019-02-24T09:21:00Z,0.0198,0.756,1.81,41.628
2019-02-24T09:22:00Z,0.0236,0.634,2.12,41.781
2019-02-24T09:23:00Z,0.0206,0.52,2.45,41.727
2019-02-24T09:24:00Z,0.0211,0.495,2.77,41.505
2019-02-24T09:25:00Z,0.0211,0.387,3.1,41.748
2019-02-24T09:26:00Z,0.0216,0.401,3.43,41.993
2019-02-24T09:27:00Z,0.0206,0.386,3.76,41.806
2019-02-24T09:28:00Z,0.0235,0.316,4.09,41.806
2019-02-24T09:29:00Z,0.0206,0.511,4.43,41.66
2019-02-24T09:30:00Z,0.0231,0.57,4.77,41.899
2019-02-24T09:31:00Z,0.0193,0.641,5.11,41.791
2019-02-24T09:32:00Z,0.023,0.574,5.46,42.026
2019-02-24T09:33:00Z,0.0232,0.633,5.81,42.163
2019-02-24T09:34:00Z,0.0207,0.845,6.16,41.986
2019-02-24T09:35:00Z,0.0201,0.887,6.51,42.094
2019-02-24T09:36:00Z,0.0229,0.649,6.87,42.011
2019-02-24T09:37:00Z,0.0202,0.759,7.23,42.101
2019-02-24T09:38:00Z,0.0207,0.887,7.59,41.935
2019-02-24T09:39:00Z,0.0246,0.98,7.95,42.181
2019-02-24T09:40:00Z,0.0199,1.092,8.32,42.089
2019-02-24T09:41:00Z,0.0246,1.016,8.69,42.076
2019-02-24T09:42:00Z,0.0237,0.925,9.06,42.136
2019-02-24T09:43:00Z,0.0246,0.711,9.43,41.906
2019-02-24T09:44:00Z,0.0203,0.868,9.81,42.078
2019-02-24T09:45:00Z,0.0243,1.043,10.19,41.971
2019-02-24T09:46:00Z,0.0238,1.222,10.57,42.206
2019-02-24T09:47:00Z,0.0201,1.307,10.95,42.041
2019-02-24T09:48:00Z,0.0225,1.358,11.34,42.166
2019-02-24T09:49:00Z,0.021,1.427,11.73,42.217
2019-02-24T09:50:00Z,0.0222,1.366,12.12,42.014
2019-02-24T09:51:00Z,0.0236,1.336,12.52,41.947
2019-02-24T09:52:00Z,0.0236,1.268,12.92,41.755
2019-02-24T09:53:00Z,0.024,1.061,13.32,41.59
2019-02-24T09:54:00Z,0.0232,1.18,13.72,41.356
2019-02-24T09:55:00Z,0.0216,1.382,14.12,41.609
2019-02-24T09:56:00Z,0.0208,1.321,14.53,41.731
2019-02-24T09:57:00Z,0.0254,1.292,14.94,41.784
2019-02-24T09:58:00Z,0.0226,1.206,15.35,42.032
2019-02-24T09:59:00Z,0.0248,1.156,15.77,41.832
2019-02-24T10:00:00Z,0.0215,1.046,16.19,41.914
2019-02-24T10:01:00Z,0.0225,0.811,16.6,41.8
2019-02-24T10:02:00Z,0.0256,0.995,17.03,41.765
2019-02-24T10:03:00Z,0.0226,0.902,17.45,41.568
2019-02-24T10:04:00Z,0.0247,0.722,17.88,41.481
2019-02-24T10:05:00Z,0.0219,0.709,18.31,41.389
2019-02-24T10:06:00Z,0.0239,0.755,18.74,41.574
2019-02-24T10:07:00Z,0.0232,0.802,19.17,41.643
2019-02-24T10:08:00Z,0.0214,0.995,19.61,41.451
2019-02-24T10:09:00Z,0.0252,0.85,20.04,41.542
2019-02-24T10:10:00Z,0.0236,0.976,20.48,41.566
2019-02-24T10:11:00Z,0.0222,0.981,20.93,41.406
2019-02-24T10:12:00Z,0.0225,0.819,21.37,41.501
2019-02-24T10:13:00Z,0.0234,1.004,21.82,41.432
2019-02-24T10:14:00Z,0.0247,0.765,22.26,41.238
2019-02-24T10:15:00Z,0.0261,0.608,22.71,41.469
2019-02-24T10:16:00Z,0.0218,0.73,23.17,41.377
2019-02-24T10:17:00Z,0.0242,0.842,23.62,41.249
2019-02-24T10:18:00Z,0.026,0.598,24.07,41.045
2019-02-24T10:19:00Z,0.0253,0.463,24.53,41.002
2019-02-24T10:20:00Z,0.0227,0.7,24.99,40.913
2019-02-24T10:21:00Z,0.0255,0.856,25.45,40.718
2019-02-24T10:22:00Z,0.0264,0.909,25.91,40.974
2019-02-24T10:23:00Z,0.0234,0.781,26.37,40.86
2019-02-24T10:24:00Z,0.0246,0.714,26.84,40.731
2019-02-24T10:25:00Z,0.0242,0.629,27.31,40.839
2019-02-24T10:26:00Z,0.0231,0.821,27.77,40.694
2019-02-24T10:27:00Z,0.0221,0.727,28.24,40.884
2019-02-24T10:28:00Z,0.0252,0.645,28.71,40.948
2019-02-24T10:29:00Z,0.0239,0.734,29.18,40.98
2019-02-24T10:30:00Z,0.023,0.92,29.66,40.934
2019-02-24T10:31:00Z,0.0234,1.028,30.13,41.139
2019-02-24T10:32:00Z,0.0252,1.079,30.6,41.063
2019-02-24T10:33:00Z,0.0255,1.083,31.08,41.187
2019-02-24T10:34:00Z,0.0248,0.995,31.56,41.138
2019-02-24T10:35:00Z,0.0254,1.2,32.03,41.051
2019-02-24T10:36:00Z,0.0244,1.121,32.51,41.099
2019-02-24T10:37:00Z,0.0223,1.202,32.99,41.088
2019-02-24T10:38:00Z,0.0254,1.062,33.47,41.162
2019-02-24T10:39:00Z,0.0238,0.935,33.95,41.276
2019-02-24T10:40:00Z,0.0244,0.858,34.43,41.521
2019-02-24T10:41:00Z,0.0227,0.806,34.91,41.392
2019-02-24T10:42:00Z,0.0257,0.766,35.39,41.18
2019-02-24T10:43:00Z,0.0228,0.551,35.87,41.179
2019-02-24T10:44:00Z,0.0263,0.589,36.36,41.318
2019-02-24T10:45:00Z,0.0234,0.572,36.84,41.171
2019-02-24T10:46:00Z,0.0243,0.747,37.32,41.379
2019-02-24T10:47:00Z,0.0242,0.843,37.8,41.347
2019-02-24T10:48:00Z,0.0267,0.96,38.28,41.261
2019-02-24T10:49:00Z,0.0227,0.952,38.76,41.249
2019-02-24T10:50:00Z,0.0228,0.836,39.25,41.332
2019-02-24T10:51:00Z,0.0254,0.701,39.73,41.563
2019-02-24T10:52:00Z,0.0225,0.495,40.21,41.352
2019-02-24T10:53:00Z,0.0245,0.388,40.69,41.504
2019-02-24T10:54:00Z,0.0267,0.459,41.17,41.694
2019-02-24T10:55:00Z,0.0246,0.256,41.65,41.697
2019-02-24T10:56:00Z,0.0239,0.082,42.13,41.694
2019-02-24T10:57:00Z,0.0258,-0.08,42.61,41.471
2019-02-24T10:58:00Z,0.0238,-0.132,43.08,41.368
2019-02-24T10:59:00Z,0.0232,-0.259,43.56,41.573
2019-02-24T11:00:00Z,0.0266,-0.234,44.04,41.539
2019-02-24T11:01:00Z,0.0254,-0.17,44.51,41.466
2019-02-24T11:02:00Z,0.0222,-0.381,44.99,41.713
2019-02-24T11:03:00Z,0.023,-0.144,45.46,41.741
2019-02-24T11:04:00Z,0.027,-0.05,45.93,41.687
2019-02-24T11:05:00Z,0.0269,0.142,46.4,41.652
2019-02-24T11:06:00Z,0.0233,0.071,46.87,41.782
2019-02-24T11:07:00Z,0.0228,-0.054,47.34,41.866
2019-02-24T11:08:00Z,0.0264,0.051,47.81,41.665
2019-02-24T11:09:00Z,0.0235,0.08,48.27,41.457
2019-02-24T11:10:00Z,0.0249,0.144,48.74,41.551
2019-02-24T11:11:00Z,0.0241,0.097,49.2,41.439
2019-02-24T11:12:00Z,0.0236,0.114,49.66,41.522
2019-02-24T11:13:00Z,0.023,0.358,50.12,41.708
2019-02-24T11:14:00Z,0.0235,0.42,50.58,41.577
2019-02-24T11:15:00Z,0.0235,0.385,51.04,41.813
2019-02-24T11:16:00Z,0.0264,0.588,51.49,41.788
2019-02-24T11:17:00Z,0.025,0.405,51.94,41.894
2019-02-24T11:18:00Z,0.0244,0.366,52.39,41.928
2019-02-24T11:19:00Z,0.0265,0.171,52.84,42.107
2019-02-24T11:20:00Z,0.0249,0.415,53.29,41.963
2019-02-24T11:21:00Z,0.0243,0.247,53.73,41.836
2019-02-24T11:22:00Z,0.025,0.361,54.18,42.028
2019-02-24T11:23:00Z,0.0254,0.303,54.62,41.928
2019-02-24T11:24:00Z,0.0245,0.138,55.06,41.771
2019-02-24T11:25:00Z,0.0278,0.258,55.49,41.927
2019-02-24T11:26:00Z,0.0276,0.065,55.93,41.926
2019-02-24T11:27:00Z,0.0241,-0.176,56.36,42.073
2019-02-24T11:28:00Z,0.0242,-0.043,56.79,41.938
2019-02-24T11:29:00Z,0.0262,-0.046,57.22,41.807
2019-02-24T11:30:00Z,0.027,0.177,57.65,41.765
2019-02-24T11:31:00Z,0.0271,0.143,58.07,42.025
2019-02-24T11:32:00Z,0.027,0.208,58.49,42.231
2019-02-24T11:33:00Z,0.0262,0.371,58.91,42.056
2019-02-24T11:34:00Z,0.0243,0.176,59.33,42.073
2019-02-24T11:35:00Z,0.0246,0.115,59.74,42.123
2019-02-24T11:36:00Z,0.0242,0.186,60.15,42.072
2019-02-24T11:37:00Z,0.0286,0.248,60.56,41.848
2019-02-24T11:38:00Z,0.0259,0.205,60.97,42.035
2019-02-24T11:39:00Z,0.0273,0.182,61.37,41.949
2019-02-24T11:40:00Z,0.0257,0.328,61.77,41.823
2019-02-24T11:41:00Z,0.0274,0.325,62.17,41.773
2019-02-24T11:42:00Z,0.0268,0.548,62.57,42.007
2019-02-24T11:43:00Z,0.0248,0.3,62.96,42.255
2019-02-24T11:44:00Z,0.0265,0.334,63.35,42.381
2019-02-24T11:45:00Z,0.0269,0.299,63.74,42.2
2019-02-24T11:46:00Z,0.0267,0.209,64.13,42.271
2019-02-24T11:47:00Z,0.0255,-0.006,64.51,42.223
2019-02-24T11:48:00Z,0.0274,0.133,64.89,42.253
2019-02-24T11:49:00Z,0.0287,0.207,65.27,42.438
2019-02-24T11:50:00Z,0.0267,0.375,65.65,42.534
2019-02-24T11:51:00Z,0.0266,0.546,66.02,42.456
2019-02-24T11:52:00Z,0.0272,0.531,66.39,42.391
2019-02-24T11:53:00Z,0.0248,0.73,66.76,42.413
2019-02-24T11:54:00Z,0.0238,0.705,67.12,42.258
2019-02-24T11:55:00Z,0.0271,0.874,67.48,42.341
2019-02-24T11:56:00Z,0.027,1.117,67.84,42.437
2019-02-24T11:57:00Z,0.0272,1.277,68.2,42.682
2019-02-24T11:58:00Z,0.0277,1.344,68.56,42.466
2019-02-24T11:59:00Z,0.0279,1.321,68.91,42.559
2019-02-24T12:00:00Z,0.024,1.359,68.96,42.685
2019-02-24T12:01:00Z,0.0256,1.437,69.01,42.763
2019-02-24T12:02:00Z,0.0274,1.226,69.06,42.613
2019-02-24T12:03:00Z,0.0242,1.113,69.11,42.412
2019-02-24T12:04:00Z,0.0238,0.982,69.16,42.194
2019-02-24T12:05:00Z,0.027,1.059,69.21,42.187
2019-02-24T12:06:00Z,0.0283,1.262,69.26,42.236
2019-02-24T12:07:00Z,0.0287,1.401,69.31,42.431
2019-02-24T12:08:00Z,0.0241,1.223,69.36,42.443
2019-02-24T12:09:00Z,0.0249,1.438,69.41,42.582
2019-02-24T12:10:00Z,0.0286,1.253,69.47,42.468
2019-02-24T12:11:00Z,0.0231,1.207,69.52,42.522
2019-02-24T12:12:00Z,0.0237,1.441,69.57,42.487
2019-02-24T12:13:00Z,0.028,1.32,69.62,42.587
2019-02-24T12:14:00Z,0.0237,1.57,69.67,42.536
2019-02-24T12:15:00Z,0.025,1.674,69.73,42.478
2019-02-24T12:16:00Z,0.0278,1.792,69.78,42.491
2019-02-24T12:17:00Z,0.0284,1.882,69.83,42.715
2019-02-24T12:18:00Z,0.0235,1.788,69.89,42.749
2019-02-24T12:19:00Z,0.0239,1.805,69.94,42.817
2019-02-24T12:20:00Z,0.0244,1.914,69.99,42.617
2019-02-24T12:21:00Z,0.0237,2.059,70.05,42.547
2019-02-24T12:22:00Z,0.0247,2.225,70.1,42.766
2019-02-24T12:23:00Z,0.0282,2.002,70.16,42.88
2019-02-24T12:24:00Z,0.028,2.067,70.21,42.992
2019-02-24T12:25:00Z,0.0267,2.032,70.27,43.104
2019-02-24T12:26:00Z,0.0276,2.269,70.32,43.269
2019-02-24T12:27:00Z,0.0258,2.442,70.38,43.067
2019-02-24T12:28:00Z,0.0235,2.464,70.43,42.98
2019-02-24T12:29:00Z,0.0247,2.613,70.49,43.105
2019-02-24T12:30:00Z,0.0231,2.59,70.55,43
2019-02-24T12:31:00Z,0.0259,2.745,70.6,42.939
2019-02-24T12:32:00Z,0.0257,2.989,70.66,43.097
2019-02-24T12:33:00Z,0.0275,3.016,70.72,43.111
2019-02-24T12:34:00Z,0.0233,2.831,70.77,43.264
2019-02-24T12:35:00Z,0.0257,2.583,70.83,43.132
2019-02-24T12:36:00Z,0.025,2.504,70.89,43.076
2019-02-24T12:37:00Z,0.0238,2.415,70.95,43.141
2019-02-24T12:38:00Z,0.024,2.514,71,42.951
2019-02-24T12:39:00Z,0.0232,2.731,71.06,42.953
2019-02-24T12:40:00Z,0.0226,2.977,71.12,42.985
2019-02-24T12:41:00Z,0.0245,3.142,71.18,43.185
2019-02-24T12:42:00Z,0.0246,2.901,71.24,43.254
2019-02-24T12:43:00Z,0.0223,2.827,71.3,43.15
2019-02-24T12:44:00Z,0.0237,2.83,71.36,43.132
2019-02-24T12:45:00Z,0.0254,2.725,71.42,43.12
2019-02-24T12:46:00Z,0.0219,2.695,71.48,43.357
2019-02-24T12:47:00Z,0.025,2.802,71.54,43.506
2019-02-24T12:48:00Z,0.0251,2.575,71.6,43.661
2019-02-24T12:49:00Z,0.0226,2.479,71.66,43.615
2019-02-24T12:50:00Z,0.0234,2.64,71.72,43.38
2019-02-24T12:51:00Z,0.0232,2.426,71.78,43.446
2019-02-24T12:52:00Z,0.025,2.29,71.85,43.638
2019-02-24T12:53:00Z,0.0267,2.111,71.91,43.456
2019-02-24T12:54:00Z,0.0224,1.94,71.97,43.464
2019-02-24T12:55:00Z,0.0233,2.05,72.03,43.613
2019-02-24T12:56:00Z,0.0271,1.858,72.1,43.591
2019-02-24T12:57:00Z,0.0273,1.768,72.16,43.789
2019-02-24T12:58:00Z,0.0269,1.9,72.22,43.744
2019-02-24T12:59:00Z,0.026,2.065,72.29,43.591
2019-02-24T13:00:00Z,0.0223,2.099,72.35,43.673
2019-02-24T13:01:00Z,0.0243,2.291,72.41,43.618
2019-02-24T13:02:00Z,0.025,2.476,72.48,43.699
2019-02-24T13:03:00Z,0.0252,2.321,72.54,43.488
2019-02-24T13:04:00Z,0.0237,2.451,72.61,43.512
2019-02-24T13:05:00Z,0.0247,2.21,72.68,43.627
2019-02-24T13:06:00Z,0.0257,2.147,72.74,43.562
2019-02-24T13:07:00Z,0.0265,2.209,72.81,43.406
2019-02-24T13:08:00Z,0.0224,2.059,72.87,43.194
2019-02-24T13:09:00Z,0.0226,2.038,72.94,43.029
2019-02-24T13:10:00Z,0.0239,2.254,73.01,43.234
2019-02-24T13:11:00Z,0.0266,2.191,73.08,43.221
2019-02-24T13:12:00Z,0.0251,2.218,73.14,43.322
2019-02-24T13:13:00Z,0.0265,2.055,73.21,43.279
2019-02-24T13:14:00Z,0.0249,2.16,73.28,43.347
2019-02-24T13:15:00Z,0.0256,2.193,73.35,43.297
2019-02-24T13:16:00Z,0.0255,2.216,73.42,43.451
2019-02-24T13:17:00Z,0.025,1.984,73.49,43.688
2019-02-24T13:18:00Z,0.0248,2.037,73.56,43.827
2019-02-24T13:19:00Z,0.0238,2.27,73.63,43.773
2019-02-24T13:20:00Z,0.0268,2.384,73.7,43.894
2019-02-24T13:21:00Z,0.0224,2.324,73.77,43.984
2019-02-24T13:22:00Z,0.0271,2.214,73.84,44.06
2019-02-24T13:23:00Z,0.0273,1.989,73.91,43.937
2019-02-24T13:24:00Z,0.0221,2.042,73.98,44.143
2019-02-24T13:25:00Z,0.0267,2.154,74.05,44.37
2019-02-24T13:26:00Z,0.0251,2.247,74.12,44.251
2019-02-24T13:27:00Z,0.024,2.11,74.2,44.108
2019-02-24T13:28:00Z,0.0234,2.22,74.27,44.105
2019-02-24T13:29:00Z,0.0251,2.406,74.34,44.335
2019-02-24T13:30:00Z,0.0229,2.215,74.42,44.203
2019-02-24T13:31:00Z,0.0241,2.032,74.49,44.058
2019-02-24T13:32:00Z,0.0256,2.282,74.57,44.281
2019-02-24T13:33:00Z,0.0236,2.36,74.64,44.187
2019-02-24T13:34:00Z,0.0267,2.43,74.72,44.258
2019-02-24T13:35:00Z,0.026,2.651,74.79,44.384
2019-02-24T13:36:00Z,0.0264,2.889,74.87,44.285
2019-02-24T13:37:00Z,0.0229,2.949,74.94,44.183
2019-02-24T13:38:00Z,0.0251,2.874,75.02,44.141
2019-02-24T13:39:00Z,0.0264,2.866,75.1,44.233
2019-02-24T13:40:00Z,0.0262,2.671,75.17,44.477
2019-02-24T13:41:00Z,0.0244,2.731,75.25,44.426
2019-02-24T13:42:00Z,0.0225,2.804,75.33,44.541
2019-02-24T13:43:00Z,0.0234,2.833,75.41,44.649
2019-02-24T13:44:00Z,0.0228,2.701,75.49,44.832
2019-02-24T13:45:00Z,0.0224,2.724,75.56,44.98
2019-02-24T13:46:00Z,0.0261,2.771,75.64,45.038
2019-02-24T13:47:00Z,0.0256,2.959,75.72,45.014
2019-02-24T13:48:00Z,0.0239,2.926,75.8,45.271
2019-02-24T13:49:00Z,0.0265,2.911,75.89,45.049
2019-02-24T13:50:00Z,0.0224,3.033,75.97,45.109
2019-02-24T13:51:00Z,0.0263,2.819,76.05,45.084
2019-02-24T13:52:00Z,0.0237,2.703,76.13,45.028
2019-02-24T13:53:00Z,0.0249,2.694,76.21,45.284
2019-02-24T13:54:00Z,0.0228,2.58,76.29,45.192
2019-02-24T13:55:00Z,0.0274,2.442,76.38,44.955
2019-02-24T13:56:00Z,0.0249,2.576,76.46,44.93
2019-02-24T13:57:00Z,0.0256,2.57,76.55,44.946
2019-02-24T13:58:00Z,0.0222,2.438,76.63,44.895
2019-02-24T13:59:00Z,0.0235,2.449,76.71,44.739
2019-02-24T14:00:00Z,0.0263,2.446,76.8,44.516
2019-02-24T14:01:00Z,0.0221,2.68,76.89,44.47
2019-02-24T14:02:00Z,0.0232,2.754,76.97,44.668
2019-02-24T14:03:00Z,0.0273,2.533,77.06,44.597
2019-02-24T14:04:00Z,0.0269,2.653,77.14,44.67
2019-02-24T14:05:00Z,0.0237,2.9,77.23,44.518
2019-02-24T14:06:00Z,0.0277,3.059,77.32,44.367
2019-02-24T14:07:00Z,0.024,3.116,77.41,44.428
2019-02-24T14:08:00Z,0.0234,3.047,77.5,44.571
2019-02-24T14:09:00Z,0.025,2.878,77.59,44.55
2019-02-24T14:10:00Z,0.0253,3.033,77.7,44.488
2019-02-24T14:11:00Z,0.0247,2.896,77.8,44.431
2019-02-24T14:12:00Z,0.0259,2.907,77.9,44.291
2019-02-24T14:13:00Z,0.0263,3.025,77.99,44.488
2019-02-24T14:14:00Z,0.0275,2.962,78.09,44.327
2019-02-24T14:15:00Z,0.023,3.167,78.18,44.123
2019-02-24T14:16:00Z,0.0256,3.084,78.28,43.93
2019-02-24T14:17:00Z,0.0231,3.287,78.37,44.046
2019-02-24T14:18:00Z,0.0231,3.264,78.47,44.078
2019-02-24T14:19:00Z,0.0233,3.231,78.56,44.118
2019-02-24T14:20:00Z,0.0253,3.028,78.66,44.343
2019-02-24T14:21:00Z,0.0239,2.997,78.75,44.164
2019-02-24T14:22:00Z,0.0242,2.865,78.85,44.373
2019-02-24T14:23:00Z,0.0228,3.096,78.95,44.489
2019-02-24T14:24:00Z,0.0247,3.048,79.04,44.602
2019-02-24T14:25:00Z,0.0271,3.156,79.14,44.531
2019-02-24T14:26:00Z,0.0271,2.962,79.24,44.363
2019-02-24T14:27:00Z,0.0242,3.167,79.34,44.415
2019-02-24T14:28:00Z,0.0227,3.345,79.44,44.552
2019-02-24T14:29:00Z,0.0256,3.509,79.54,44.333
2019-02-24T14:30:00Z,0.0229,3.604,79.64,44.427
2019-02-24T14:31:00Z,0.0248,3.535,79.74,44.213
2019-02-24T14:32:00Z,0.0238,3.72,79.84,44.337
2019-02-24T14:33:00Z,0.0238,3.547,79.94,44.236
2019-02-24T14:34:00Z,0.027,3.523,80.05,44.487
2019-02-24T14:35:00Z,0.0254,3.731,80.15,44.417
2019-02-24T14:36:00Z,0.0249,3.515,80.25,44.224
2019-02-24T14:37:00Z,0.0229,3.408,80.36,44.44
2019-02-24T14:38:00Z,0.027,3.394,80.46,44.268
2019-02-24T14:39:00Z,0.0232,3.622,80.57,44.092
2019-02-24T14:40:00Z,0.0251,3.731,80.67,44.091
2019-02-24T14:41:00Z,0.0256,3.614,80.78,44.018
2019-02-24T14:42:00Z,0.0227,3.47,80.88,44.051
2019-02-24T14:43:00Z,0.0268,3.274,80.99,44.219
2019-02-24T14:44:00Z,0.0233,3.15,81.1,44.437
2019-02-24T14:45:00Z,0.0251,3.069,81.21,44.469
2019-02-24T14:46:00Z,0.0263,3.308,81.32,44.331
2019-02-24T14:47:00Z,0.0245,3.443,81.43,44.298
2019-02-24T14:48:00Z,0.0271,3.367,81.54,44.408
2019-02-24T14:49:00Z,0.0226,3.237,81.65,44.315
2019-02-24T14:50:00Z,0.0261,3.099,81.76,44.469
2019-02-24T14:51:00Z,0.0274,3.259,81.87,44.314
2019-02-24T14:52:00Z,0.0235,3.101,81.98,44.303
2019-02-24T14:53:00Z,0.0235,3.165,82.1,44.398
2019-02-24T14:54:00Z,0.0279,3.287,82.21,44.38
2019-02-24T14:55:00Z,0.0233,3.376,82.32,44.428
2019-02-24T14:56:00Z,0.0256,3.563,82.44,44.484
2019-02-24T14:57:00Z,0.0276,3.608,82.55,44.483
2019-02-24T14:58:00Z,0.0271,3.55,82.67,44.313
2019-02-24T14:59:00Z,0.0241,3.648,82.79,44.352
2019-02-24T15:00:00Z,0.0255,3.443,83.22,44.164
2019-02-24T15:01:00Z,0.0256,3.612,83.66,44.072
2019-02-24T15:02:00Z,0.0239,3.488,84.09,43.924
2019-02-24T15:03:00Z,0.0227,3.42,84.52,43.86
2019-02-24T15:04:00Z,0.0239,3.53,84.95,43.621
2019-02-24T15:05:00Z,0.0251,3.353,85.38,43.441
2019-02-24T15:06:00Z,0.0271,3.484,85.8,43.611
2019-02-24T15:07:00Z,0.0241,3.315,86.22,43.446
2019-02-24T15:08:00Z,0.0269,3.483,86.64,43.42
2019-02-24T15:09:00Z,0.0243,3.637,87.06,43.609
2019-02-24T15:10:00Z,0.0253,3.541,87.47,43.476
2019-02-24T15:11:00Z,0.0232,3.372,87.89,43.69
2019-02-24T15:12:00Z,0.0242,3.233,88.29,43.811
2019-02-24T15:13:00Z,0.0233,3.012,88.7,43.723
2019-02-24T15:14:00Z,0.026,3.158,89.1,43.529
2019-02-24T15:15:00Z,0.0227,3.291,89.51,43.43
2019-02-24T15:16:00Z,0.0238,3.071,89.9,43.468
2019-02-24T15:17:00Z,0.0267,2.829,90.3,43.516
2019-02-24T15:18:00Z,0.0238,2.742,90.69,43.582
2019-02-24T15:19:00Z,0.0245,2.527,91.08,43.713
2019-02-24T15:20:00Z,0.0272,2.635,91.47,43.701
2019-02-24T15:21:00Z,0.0275,2.62,91.86,43.84
2019-02-24T15:22:00Z,0.0268,2.852,92.24,43.739
2019-02-24T15:23:00Z,0.0258,3.025,92.62,43.941
2019-02-24T15:24:00Z,0.0259,2.886,93,44.019
2019-02-24T15:25:00Z,0.0241,2.787,93.37,44.098
2019-02-24T15:26:00Z,0.0271,2.773,93.74,43.93
2019-02-24T15:27:00Z,0.0262,2.778,94.11,43.84
2019-02-24T15:28:00Z,0.0253,2.802,94.48,43.867
2019-02-24T15:29:00Z,0.0271,2.918,94.84,43.669
2019-02-24T15:30:00Z,0.0239,2.825,95.2,43.705
2019-02-24T15:31:00Z,0.0273,2.836,95.56,43.645
2019-02-24T15:32:00Z,0.0234,2.654,95.92,43.746
2019-02-24T15:33:00Z,0.0241,2.767,96.27,43.716
2019-02-24T15:34:00Z,0.026,2.669,96.62,43.898
2019-02-24T15:35:00Z,0.025,2.684,96.97,43.726
2019-02-24T15:36:00Z,0.0263,2.672,97.31,43.775
2019-02-24T15:37:00Z,0.0252,2.831,97.66,43.847
2019-02-24T15:38:00Z,0.0271,2.762,98,43.99
2019-02-24T15:39:00Z,0.0238,3.002,98.33,44.094
2019-02-24T15:40:00Z,0.0267,3.094,98.67,44.052
2019-02-24T15:41:00Z,0.0265,3.002,99,44.181
2019-02-24T15:42:00Z,0.0259,2.8,99.33,44.373
2019-02-24T15:43:00Z,0.026,2.808,99.66,44.353
2019-02-24T15:44:00Z,0.0271,2.823,99.98,44.487
2019-02-24T15:45:00Z,0.0266,2.967,100.3,44.529
2019-02-24T15:46:00Z,0.0235,3.003,100.62,44.662
2019-02-24T15:47:00Z,0.024,3.192,100.94,44.707
2019-02-24T15:48:00Z,0.0265,3.281,101.25,44.747
2019-02-24T15:49:00Z,0.0235,3.498,101.56,44.558
2019-02-24T15:50:00Z,0.0263,3.729,101.87,44.565
2019-02-24T15:51:00Z,0.024,3.746,102.18,44.609
2019-02-24T15:52:00Z,0.026,3.885,102.48,44.678
2019-02-24T15:53:00Z,0.0278,3.881,102.78,44.525
2019-02-24T15:54:00Z,0.0277,3.644,103.08,44.481
2019-02-24T15:55:00Z,0.0248,3.612,103.37,44.587
2019-02-24T15:56:00Z,0.0232,3.623,103.67,44.537
2019-02-24T15:57:00Z,0.023,3.571,103.96,44.678
2019-02-24T15:58:00Z,0.0264,3.749,104.25,44.709
2019-02-24T15:59:00Z,0.0274,3.606,104.53,44.654
2019-02-24T16:00:00Z,0.0246,3.582,104.82,44.587
2019-02-24T16:01:00Z,0.0236,3.743,105.1,44.755
2019-02-24T16:02:00Z,0.0237,3.738,105.38,44.985
2019-02-24T16:03:00Z,0.0268,3.854,105.66,45.002
2019-02-24T16:04:00Z,0.0251,3.707,105.93,44.853
2019-02-24T16:05:00Z,0.0261,3.552,106.2,44.661
2019-02-24T16:06:00Z,0.0278,3.73,106.47,44.439
2019-02-24T16:07:00Z,0.0254,3.828,106.74,44.22
2019-02-24T16:08:00Z,0.0244,3.651,107.01,44.426
2019-02-24T16:09:00Z,0.0253,3.497,107.27,44.213
2019-02-24T16:10:00Z,0.0241,3.68,107.53,44.225
2019-02-24T16:11:00Z,0.0229,3.608,107.79,44.214
2019-02-24T16:12:00Z,0.0249,3.664,108.05,44.351
2019-02-24T16:13:00Z,0.0261,3.688,108.3,44.538
2019-02-24T16:14:00Z,0.0259,3.656,108.55,44.685
2019-02-24T16:15:00Z,0.0247,3.519,108.8,44.668
2019-02-24T16:16:00Z,0.0251,3.568,109.05,44.641
2019-02-24T16:17:00Z,0.0261,3.606,109.3,44.796
2019-02-24T16:18:00Z,0.0269,3.587,109.54,44.862
2019-02-24T16:19:00Z,0.0242,3.376,109.78,44.997
2019-02-24T16:20:00Z,0.0249,3.504,110.02,44.902
2019-02-24T16:21:00Z,0.0247,3.38,110.26,44.94
2019-02-24T16:22:00Z,0.0253,3.251,110.49,44.834
2019-02-24T16:23:00Z,0.0238,3.357,110.73,44.897
2019-02-24T16:24:00Z,0.024,3.354,110.96,45.088
2019-02-24T16:25:00Z,0.0233,3.387,111.19,45.231
2019-02-24T16:26:00Z,0.0256,3.41,111.42,45.255
2019-02-24T16:27:00Z,0.0252,3.22,111.64,45.158
2019-02-24T16:28:00Z,0.0272,3.195,111.87,45.211
2019-02-24T16:29:00Z,0.0251,3.221,112.09,45.277
2019-02-24T16:30:00Z,0.0247,3.246,112.31,45.083
2019-02-24T16:31:00Z,0.0261,3.177,112.53,44.985
2019-02-24T16:32:00Z,0.0239,3.252,112.74,44.79
2019-02-24T16:33:00Z,0.0266,3.299,112.96,44.979
2019-02-24T16:34:00Z,0.0271,3.515,113.17,44.907
2019-02-24T16:35:00Z,0.0236,3.274,113.38,44.944
2019-02-24T16:36:00Z,0.0279,3.11,113.59,44.774
2019-02-24T16:37:00Z,0.0227,3.181,113.8,45.025
2019-02-24T16:38:00Z,0.0281,3.365,114.01,44.823
2019-02-24T16:39:00Z,0.0257,3.28,114.21,44.735
2019-02-24T16:40:00Z,0.028,3.361,114.41,44.982
2019-02-24T16:41:00Z,0.0249,3.161,114.61,45.162
2019-02-24T16:42:00Z,0.0271,3.247,114.81,45.218
2019-02-24T16:43:00Z,0.0279,3.096,115.01,45.265
2019-02-24T16:44:00Z,0.0275,3.153,115.2,45.486
2019-02-24T16:45:00Z,0.0265,3.21,115.4,45.452
2019-02-24T16:46:00Z,0.023,3.451,115.59,45.436
2019-02-24T16:47:00Z,0.0235,3.58,115.78,45.479
2019-02-24T16:48:00Z,0.0232,3.533,115.97,45.554
2019-02-24T16:49:00Z,0.0234,3.359,116.16,45.486
2019-02-24T16:50:00Z,0.0252,3.216,116.35,45.652
2019-02-24T16:51:00Z,0.0249,2.971,116.53,45.631
2019-02-24T16:52:00Z,0.0261,3.112,116.71,45.773
2019-02-24T16:53:00Z,0.027,3.247,116.89,46.017
2019-02-24T16:54:00Z,0.0243,3.417,117.08,45.95
2019-02-24T16:55:00Z,0.0263,3.256,117.25,46.036
2019-02-24T16:56:00Z,0.0278,3.21,117.43,45.973
2019-02-24T16:57:00Z,0.0274,3.12,117.61,46.15
2019-02-24T16:58:00Z,0.0261,3.236,117.78,46.131
2019-02-24T16:59:00Z,0.0265,3.054,117.95,46.361
2019-02-24T17:00:00Z,0.0276,3.142,118.13,46.551
2019-02-24T17:01:00Z,0.0269,2.909,118.3,46.472
2019-02-24T17:02:00Z,0.027,2.862,118.46,46.682
2019-02-24T17:03:00Z,0.026,2.702,118.63,46.555
2019-02-24T17:04:00Z,0.0244,2.603,118.8,46.708
2019-02-24T17:05:00Z,0.0279,2.41,118.96,46.791
2019-02-24T17:06:00Z,0.0262,2.589,119.13,46.936
2019-02-24T17:07:00Z,0.0257,2.832,119.29,46.919
2019-02-24T17:08:00Z,0.0262,2.589,119.45,46.731
2019-02-24T17:09:00Z,0.0259,2.464,119.61,46.894
2019-02-24T17:10:00Z,0.0242,2.633,119.77,47.033
2019-02-24T17:11:00Z,0.0284,2.775,119.92,47.206
2019-02-24T17:12:00Z,0.028,2.53,120.08,46.981
2019-02-24T17:13:00Z,0.026,2.487,120.23,47.077
2019-02-24T17:14:00Z,0.0261,2.384,120.39,46.856
2019-02-24T17:15:00Z,0.0269,2.602,120.54,46.84
2019-02-24T17:16:00Z,0.0247,2.787,120.69,46.714
2019-02-24T17:17:00Z,0.026,2.781,120.84,46.668
2019-02-24T17:18:00Z,0.024,2.583,120.99,46.675
2019-02-24T17:19:00Z,0.0271,2.652,121.14,46.556
2019-02-24T17:20:00Z,0.0257,2.7,121.28,46.39
2019-02-24T17:21:00Z,0.0235,2.882,121.43,46.178
2019-02-24T17:22:00Z,0.026,3.102,121.57,46.403
2019-02-24T17:23:00Z,0.0248,2.985,121.72,46.516
2019-02-24T17:24:00Z,0.0234,2.739,121.86,46.369
2019-02-24T17:25:00Z,0.0274,2.788,122,46.456
2019-02-24T17:26:00Z,0.0285,2.828,122.14,46.484
2019-02-24T17:27:00Z,0.0264,2.84,122.28,46.491
2019-02-24T17:28:00Z,0.0283,2.99,122.41,46.734
2019-02-24T17:29:00Z,0.0233,2.742,122.55,46.858
2019-02-24T17:30:00Z,0.0277,2.543,122.69,46.849
2019-02-24T17:31:00Z,0.0246,2.753,122.82,46.869
2019-02-24T17:32:00Z,0.0252,2.615,122.95,46.866
2019-02-24T17:33:00Z,0.0262,2.689,123.09,46.761
2019-02-24T17:34:00Z,0.0231,2.863,123.22,46.669
2019-02-24T17:35:00Z,0.0245,3.04,123.35,46.447
2019-02-24T17:36:00Z,0.0251,3.01,123.48,46.601
2019-02-24T17:37:00Z,0.0272,2.817,123.6,46.432
2019-02-24T17:38:00Z,0.0283,3.054,123.73,46.392
2019-02-24T17:39:00Z,0.025,2.96,123.86,46.513
2019-02-24T17:40:00Z,0.0247,3.122,123.98,46.493
2019-02-24T17:41:00Z,0.0231,3.147,124.11,46.484
2019-02-24T17:42:00Z,0.0249,3.057,124.23,46.381
2019-02-24T17:43:00Z,0.0249,2.875,124.36,46.268
2019-02-24T17:44:00Z,0.0239,2.647,124.48,46.182
2019-02-24T17:45:00Z,0.0258,2.664,124.6,46.244
2019-02-24T17:46:00Z,0.0271,2.823,124.72,46.245
2019-02-24T17:47:00Z,0.0238,2.672,124.84,46.188
2019-02-24T17:48:00Z,0.0257,2.64,124.96,46.151
2019-02-24T17:49:00Z,0.0242,2.593,125.07,46.272
2019-02-24T17:50:00Z,0.0274,2.463,125.19,46.463
2019-02-24T17:51:00Z,0.0249,2.257,125.31,46.485
2019-02-24T17:52:00Z,0.0273,2.413,125.42,46.608
2019-02-24T17:53:00Z,0.0281,2.306,125.54,46.383
2019-02-24T17:54:00Z,0.0277,2.343,125.65,46.619
2019-02-24T17:55:00Z,0.0244,2.138,125.76,46.685
2019-02-24T17:56:00Z,0.0271,1.901,125.87,46.613
2019-02-24T17:57:00Z,0.026,1.657,125.98,46.518
2019-02-24T17:58:00Z,0.0238,1.752,126.09,46.473
2019-02-24T17:59:00Z,0.0251,1.585,126.2,46.72
2019-02-24T18:00:00Z,0.0248,1.576,126.31,46.744
2019-02-24T18:01:00Z,0.0272,1.42,126.42,46.669
2019-02-24T18:02:00Z,0.0236,1.404,126.52,46.474
2019-02-24T18:03:00Z,0.0248,1.425,126.63,46.699
2019-02-24T18:04:00Z,0.0268,1.362,126.73,46.626
2019-02-24T18:05:00Z,0.0279,1.513,126.83,46.758
2019-02-24T18:06:00Z,0.0234,1.618,126.94,46.676
2019-02-24T18:07:00Z,0.0234,1.548,127.04,46.697
2019-02-24T18:08:00Z,0.0268,1.559,127.14,46.878
2019-02-24T18:09:00Z,0.027,1.498,127.24,46.955
2019-02-24T18:10:00Z,0.0239,1.552,127.34,47.18
2019-02-24T18:11:00Z,0.0265,1.581,127.44,46.953
2019-02-24T18:12:00Z,0.0246,1.448,127.54,46.761
2019-02-24T18:13:00Z,0.0246,1.54,127.64,46.881
2019-02-24T18:14:00Z,0.0243,1.788,127.74,46.699
2019-02-24T18:15:00Z,0.026,1.809,127.84,46.827
2019-02-24T18:16:00Z,0.0278,1.689,127.94,46.988
2019-02-24T18:17:00Z,0.027,1.845,128.04,47.206
2019-02-24T18:18:00Z,0.0274,1.898,128.13,47.44
2019-02-24T18:19:00Z,0.0252,1.967,128.23,47.515
2019-02-24T18:20:00Z,0.0246,1.751,128.33,47.577
2019-02-24T18:21:00Z,0.0244,1.562,128.42,47.618
2019-02-24T18:22:00Z,0.0264,1.731,128.52,47.565
2019-02-24T18:23:00Z,0.0234,1.868,128.61,47.639
2019-02-24T18:24:00Z,0.0281,1.849,128.71,47.517
2019-02-24T18:25:00Z,0.0234,1.67,128.8,47.753
2019-02-24T18:26:00Z,0.0262,1.768,128.89,47.887
2019-02-24T18:27:00Z,0.027,1.53,128.99,47.778
2019-02-24T18:28:00Z,0.0266,1.648,129.08,47.98
2019-02-24T18:29:00Z,0.0243,1.774,129.17,47.957
2019-02-24T18:30:00Z,0.024,2.011,129.26,48.148
2019-02-24T18:31:00Z,0.0257,1.767,129.35,48.174
2019-02-24T18:32:00Z,0.0258,1.645,129.44,48.116
2019-02-24T18:33:00Z,0.0285,1.437,129.53,48.296
2019-02-24T18:34:00Z,0.025,1.341,129.62,48.526
2019-02-24T18:35:00Z,0.0282,1.541,129.71,48.733
2019-02-24T18:36:00Z,0.0232,1.438,129.8,48.923
2019-02-24T18:37:00Z,0.0272,1.483,129.89,49.111
2019-02-24T18:38:00Z,0.0286,1.645,129.98,49.151
2019-02-24T18:39:00Z,0.0264,1.502,130.06,49.022
2019-02-24T18:40:00Z,0.0247,1.581,130.15,48.86
2019-02-24T18:41:00Z,0.0274,1.411,130.24,49.108
2019-02-24T18:42:00Z,0.0234,1.656,130.32,49.357
2019-02-24T18:43:00Z,0.0253,1.442,130.41,49.199
2019-02-24T18:44:00Z,0.0276,1.452,130.5,49.373
2019-02-24T18:45:00Z,0.0254,1.421,130.58,49.17
2019-02-24T18:46:00Z,0.0264,1.528,130.67,48.981
2019-02-24T18:47:00Z,0.0248,1.701,130.75,49.004
2019-02-24T18:48:00Z,0.0263,1.844,130.83,48.882
2019-02-24T18:49:00Z,0.0259,1.99,130.92,49.109
2019-02-24T18:50:00Z,0.0263,1.941,131,49.066
2019-02-24T18:51:00Z,0.024,1.907,131.08,49.309
2019-02-24T18:52:00Z,0.0271,2.106,131.16,49.087
2019-02-24T18:53:00Z,0.0249,2.075,131.25,49.345
2019-02-24T18:54:00Z,0.0266,1.879,131.33,49.307
2019-02-24T18:55:00Z,0.0271,1.843,131.41,49.246
2019-02-24T18:56:00Z,0.0256,1.692,131.49,49.083
2019-02-24T18:57:00Z,0.0257,1.94,131.57,48.903
2019-02-24T18:58:00Z,0.0249,1.74,131.65,48.884
2019-02-24T18:59:00Z,0.0251,1.936,131.73,48.801
2019-02-24T19:00:00Z,0.024,1.819,131.81,48.978
2019-02-24T19:01:00Z,0.0257,1.628,131.89,49.181
2019-02-24T19:02:00Z,0.0235,1.773,131.96,49.347
2019-02-24T19:03:00Z,0.0233,1.796,132.04,49.56
2019-02-24T19:04:00Z,0.0241,1.747,132.12,49.773
2019-02-24T19:05:00Z,0.0282,1.686,132.2,49.917
2019-02-24T19:06:00Z,0.0286,1.442,132.27,49.987
2019-02-24T19:07:00Z,0.0266,1.529,132.35,50.059
2019-02-24T19:08:00Z,0.0239,1.671,132.43,50.133
2019-02-24T19:09:00Z,0.0255,1.47,132.5,49.941
2019-02-24T19:10:00Z,0.0272,1.666,132.58,49.958
2019-02-24T19:11:00Z,0.0266,1.718,132.65,50.047
2019-02-24T19:12:00Z,0.0286,1.901,132.73,50.004
2019-02-24T19:13:00Z,0.027,1.819,132.8,49.777
2019-02-24T19:14:00Z,0.029,1.795,132.88,49.743
2019-02-24T19:15:00Z,0.0241,1.723,132.95,49.705
2019-02-24T19:16:00Z,0.025,1.725,133.02,49.959
2019-02-24T19:17:00Z,0.0257,1.744,133.1,49.962
2019-02-24T19:18:00Z,0.0277,1.679,133.17,49.925
2019-02-24T19:19:00Z,0.0253,1.598,133.24,49.702
2019-02-24T19:20:00Z,0.0274,1.646,133.31,49.778
2019-02-24T19:21:00Z,0.0254,1.589,133.39,50.033
2019-02-24T19:22:00Z,0.0267,1.78,133.46,50.161
2019-02-24T19:23:00Z,0.0262,1.883,133.53,50.393
2019-02-24T19:24:00Z,0.0252,1.793,133.6,50.63
2019-02-24T19:25:00Z,0.0268,1.585,133.67,50.741
2019-02-24T19:26:00Z,0.0242,1.802,133.74,50.615
2019-02-24T19:27:00Z,0.0274,1.87,133.81,50.747
2019-02-24T19:28:00Z,0.0241,2.103,133.88,50.993
2019-02-24T19:29:00Z,0.0279,2.188,133.95,51.199
2019-02-24T19:30:00Z,0.0253,2.28,134.02,51.361
2019-02-24T19:31:00Z,0.0267,2.503,134.09,51.334
2019-02-24T19:32:00Z,0.0271,2.578,134.15,51.528
2019-02-24T19:33:00Z,0.0254,2.54,134.22,51.417
2019-02-24T19:34:00Z,0.0283,2.511,134.29,51.401
2019-02-24T19:35:00Z,0.0252,2.343,134.36,51.279
2019-02-24T19:36:00Z,0.0267,2.556,134.42,51.315
2019-02-24T19:37:00Z,0.0258,2.563,134.49,51.341
2019-02-24T19:38:00Z,0.0276,2.81,134.56,51.345
2019-02-24T19:39:00Z,0.0253,2.984,134.62,51.16
2019-02-24T19:40:00Z,0.0278,2.847,134.69,51.075
2019-02-24T19:41:00Z,0.0275,2.828,134.75,51.316
2019-02-24T19:42:00Z,0.0285,3.043,134.82,51.359
2019-02-24T19:43:00Z,0.0233,2.9,134.88,51.539
2019-02-24T19:44:00Z,0.0257,2.919,134.95,51.478
2019-02-24T19:45:00Z,0.0247,2.703,135.01,51.64
2019-02-24T19:46:00Z,0.0253,2.596,135.08,51.611
2019-02-24T19:47:00Z,0.0259,2.705,135.14,51.69
2019-02-24T19:48:00Z,0.0249,2.708,135.21,51.83
2019-02-24T19:49:00Z,0.0253,2.556,135.27,51.99
2019-02-24T19:50:00Z,0.0243,2.52,135.33,51.811
2019-02-24T19:51:00Z,0.0255,2.562,135.39,51.764
2019-02-24T19:52:00Z,0.0274,2.461,135.46,51.891
2019-02-24T19:53:00Z,0.0258,2.555,135.52,51.673
2019-02-24T19:54:00Z,0.0247,2.577,135.58,51.538
2019-02-24T19:55:00Z,0.0245,2.77,135.64,51.597
2019-02-24T19:56:00Z,0.0282,2.997,135.7,51.709
2019-02-24T19:57:00Z,0.0287,2.916,135.76,51.628
2019-02-24T19:58:00Z,0.0248,2.885,135.83,51.802
2019-02-24T19:59:00Z,0.0251,2.995,135.89,51.868
2019-02-24T20:00:00Z,0.0273,2.799,135.95,51.81
2019-02-24T20:01:00Z,0.0279,3.004,136.01,51.817
2019-02-24T20:02:00Z,0.0258,3.042,136.07,51.973
2019-02-24T20:03:00Z,0.0265,2.875,136.13,52.053
2019-02-24T20:04:00Z,0.0279,2.853,136.19,51.967
2019-02-24T20:05:00Z,0.0247,2.734,136.24,51.803
2019-02-24T20:06:00Z,0.029,2.884,136.3,51.672
2019-02-24T20:07:00Z,0.0253,2.853,136.36,51.681
2019-02-24T20:08:00Z,0.0245,3.076,136.42,51.491
2019-02-24T20:09:00Z,0.0274,3.033,136.48,51.369
2019-02-24T20:10:00Z,0.0284,3.219,136.54,51.441
2019-02-24T20:11:00Z,0.0245,3.051,136.59,51.206
2019-02-24T20:12:00Z,0.0259,2.89,136.65,51.005
2019-02-24T20:13:00Z,0.0275,3.066,136.71,51.17
2019-02-24T20:14:00Z,0.0261,3.297,136.77,51.197
2019-02-24T20:15:00Z,0.027,3.352,136.82,51.274
2019-02-24T20:16:00Z,0.025,3.23,136.88,51.534
2019-02-24T20:17:00Z,0.0235,3.028,136.93,51.682
2019-02-24T20:18:00Z,0.0288,3.066,136.99,51.914
2019-02-24T20:19:00Z,0.029,3.212,137.05,51.88
2019-02-24T20:20:00Z,0.0256,3.311,137.1,52.114
2019-02-24T20:21:00Z,0.0254,3.204,137.16,52.018
2019-02-24T20:22:00Z,0.0264,3.215,137.21,51.872
2019-02-24T20:23:00Z,0.0269,3.027,137.27,51.668
2019-02-24T20:24:00Z,0.0293,2.939,137.32,51.834
2019-02-24T20:25:00Z,0.0261,2.841,137.38,51.933
2019-02-24T20:26:00Z,0.025,2.717,137.43,51.856
2019-02-24T20:27:00Z,0.024,2.537,137.48,51.815
2019-02-24T20:28:00Z,0.0254,2.617,137.54,51.63
2019-02-24T20:29:00Z,0.025,2.801,137.59,51.702
2019-02-24T20:30:00Z,0.0277,2.942,137.64,51.515
2019-02-24T20:31:00Z,0.0236,2.912,137.7,51.769
2019-02-24T20:32:00Z,0.0251,3.082,137.75,51.663
2019-02-24T20:33:00Z,0.0264,2.839,137.8,51.762
2019-02-24T20:34:00Z,0.0263,2.948,137.85,51.549
2019-02-24T20:35:00Z,0.0285,3.163,137.91,51.463
2019-02-24T20:36:00Z,0.0272,3.05,137.96,51.299
2019-02-24T20:37:00Z,0.0244,3.154,138.01,51.082
2019-02-24T20:38:00Z,0.0271,3.203,138.06,50.952
2019-02-24T20:39:00Z,0.0288,3.343,138.11,51.053
2019-02-24T20:40:00Z,0.0284,3.492,138.16,51.182
2019-02-24T20:41:00Z,0.0279,3.72,138.22,51.008
2019-02-24T20:42:00Z,0.0276,3.797,138.27,51.161
2019-02-24T20:43:00Z,0.0285,3.745,138.32,51.36
2019-02-24T20:44:00Z,0.0247,3.593,138.37,51.161
2019-02-24T20:45:00Z,0.0291,3.795,138.42,50.965
2019-02-24T20:46:00Z,0.029,3.579,138.47,51.06
2019-02-24T20:47:00Z,0.0247,3.784,138.52,51.178
2019-02-24T20:48:00Z,0.0244,3.583,138.57,50.966
2019-02-24T20:49:00Z,0.0266,3.539,138.62,50.726
2019-02-24T20:50:00Z,0.0253,3.787,138.66,50.761
2019-02-24T20:51:00Z,0.0263,3.849,138.71,50.685
2019-02-24T20:52:00Z,0.0261,3.848,138.76,50.534
2019-02-24T20:53:00Z,0.0253,3.855,138.81,50.78
2019-02-24T20:54:00Z,0.026,3.914,138.86,50.984
2019-02-24T20:55:00Z,0.0259,3.813,138.91,50.883
2019-02-24T20:56:00Z,0.0271,3.994,138.96,50.695
2019-02-24T20:57:00Z,0.0281,4.056,139,50.945
2019-02-24T20:58:00Z,0.0287,4.24,139.05,51.172
2019-02-24T20:59:00Z,0.027,4.382,139.1,51.114
2019-02-24T21:00:00Z,0.0273,4.148,139.05,51.043
2019-02-24T21:01:00Z,0.0259,4.17,139,51.287
2019-02-24T21:02:00Z,0.0247,4.109,138.95,51.49
2019-02-24T21:03:00Z,0.026,3.931,138.9,51.552
2019-02-24T21:04:00Z,0.0279,3.92,138.86,51.374
2019-02-24T21:05:00Z,0.029,4.056,138.81,51.147
2019-02-24T21:06:00Z,0.0244,3.998,138.76,51.001
2019-02-24T21:07:00Z,0.0262,3.934,138.71,51.033
2019-02-24T21:08:00Z,0.0245,3.824,138.66,50.909
2019-02-24T21:09:00Z,0.0267,3.781,138.62,50.914
2019-02-24T21:10:00Z,0.0259,3.746,138.57,50.843
2019-02-24T21:11:00Z,0.0262,3.855,138.52,50.869
2019-02-24T21:12:00Z,0.0291,3.792,138.47,50.833
2019-02-24T21:13:00Z,0.0254,4.021,138.43,51.078
2019-02-24T21:14:00Z,0.0293,3.896,138.38,51.141
2019-02-24T21:15:00Z,0.0265,3.874,138.33,51.062
2019-02-24T21:16:00Z,0.0268,3.873,138.28,50.971
2019-02-24T21:17:00Z,0.0284,4.072,138.24,51.176
2019-02-24T21:18:00Z,0.0253,4.27,138.19,51.053
2019-02-24T21:19:00Z,0.0294,4.047,138.14,51.176
2019-02-24T21:20:00Z,0.0288,3.921,138.1,51.402
2019-02-24T21:21:00Z,0.0276,3.926,138.05,51.614
2019-02-24T21:22:00Z,0.0245,3.944,138,51.661
2019-02-24T21:23:00Z,0.0281,3.907,137.96,51.494
2019-02-24T21:24:00Z,0.0294,4.11,137.91,51.365
2019-02-24T21:25:00Z,0.0244,4.011,137.86,51.315
2019-02-24T21:26:00Z,0.0287,3.954,137.82,51.419
2019-02-24T21:27:00Z,0.0248,3.887,137.77,51.608
2019-02-24T21:28:00Z,0.0286,4.009,137.73,51.781
2019-02-24T21:29:00Z,0.0267,3.934,137.68,51.695
2019-02-24T21:30:00Z,0.028,3.99,137.63,51.682
2019-02-24T21:31:00Z,0.0261,3.972,137.59,51.697
2019-02-24T21:32:00Z,0.0251,3.872,137.54,51.908
2019-02-24T21:33:00Z,0.0265,4.005,137.5,52.048
2019-02-24T21:34:00Z,0.0268,4.188,137.45,52.077
2019-02-24T21:35:00Z,0.0267,3.986,137.4,52.165
2019-02-24T21:36:00Z,0.027,3.888,137.36,52.032
2019-02-24T21:37:00Z,0.0254,3.872,137.31,52.131
2019-02-24T21:38:00Z,0.0251,3.781,137.27,51.907
2019-02-24T21:39:00Z,0.0286,3.906,137.22,51.841
2019-02-24T21:40:00Z,0.0261,4.151,137.18,51.681
2019-02-24T21:41:00Z,0.0282,4.064,137.13,51.638
2019-02-24T21:42:00Z,0.0262,3.956,137.09,51.747
2019-02-24T21:43:00Z,0.0269,3.722,137.04,51.875
2019-02-24T21:44:00Z,0.0284,3.711,137,51.921
2019-02-24T21:45:00Z,0.0272,3.764,136.95,51.716
2019-02-24T21:46:00Z,0.0248,3.679,136.91,51.656
2019-02-24T21:47:00Z,0.0256,3.478,136.87,51.426
2019-02-24T21:48:00Z,0.0292,3.683,136.82,51.289
2019-02-24T21:49:00Z,0.0275,3.733,136.78,51.063
2019-02-24T21:50:00Z,0.0272,3.883,136.73,51.09
2019-02-24T21:51:00Z,0.0244,3.652,136.69,51.301
2019-02-24T21:52:00Z,0.0276,3.767,136.64,51.126
2019-02-24T21:53:00Z,0.026,3.761,136.6,51.351
2019-02-24T21:54:00Z,0.024,3.753,136.56,51.407
2019-02-24T21:55:00Z,0.0259,3.97,136.51,51.553
2019-02-24T21:56:00Z,0.0254,4.106,136.47,51.742
2019-02-24T21:57:00Z,0.0259,4.04,136.43,51.576
2019-02-24T21:58:00Z,0.029,3.881,136.38,51.631
2019-02-24T21:59:00Z,0.0244,3.695,136.34,51.566
2019-02-24T22:00:00Z,0.0265,3.892,136.29,51.607
2019-02-24T22:01:00Z,0.0259,4.088,136.25,51.631
2019-02-24T22:02:00Z,0.0248,4.273,136.21,51.84
2019-02-24T22:03:00Z,0.0275,4.27,136.17,51.878
2019-02-24T22:04:00Z,0.0246,4.339,136.12,52.121
2019-02-24T22:05:00Z,0.0286,4.317,136.08,51.987
2019-02-24T22:06:00Z,0.0244,4.338,136.04,51.894
2019-02-24T22:07:00Z,0.0283,4.447,135.99,51.702
2019-02-24T22:08:00Z,0.0278,4.632,135.95,51.578
2019-02-24T22:09:00Z,0.0285,4.798,135.91,51.439
2019-02-24T22:10:00Z,0.0288,4.91,135.87,51.31
2019-02-24T22:11:00Z,0.0281,4.988,135.82,51.508
2019-02-24T22:12:00Z,0.0283,4.966,135.78,51.688
2019-02-24T22:13:00Z,0.0271,4.859,135.74,51.678
2019-02-24T22:14:00Z,0.0289,4.916,135.7,51.842
2019-02-24T22:15:00Z,0.0255,5.105,135.65,52.003
2019-02-24T22:16:00Z,0.0276,5.296,135.61,51.901
2019-02-24T22:17:00Z,0.0257,5.122,135.57,51.938
2019-02-24T22:18:00Z,0.028,5.141,135.53,51.751
2019-02-24T22:19:00Z,0.029,5.211,135.49,51.906
2019-02-24T22:20:00Z,0.0241,5.392,135.44,52.038
2019-02-24T22:21:00Z,0.0266,5.395,135.4,52.228
2019-02-24T22:22:00Z,0.0267,5.417,135.36,52.217
2019-02-24T22:23:00Z,0.0282,5.386,135.32,52.04
2019-02-24T22:24:00Z,0.0278,5.512,135.28,52.265
2019-02-24T22:25:00Z,0.0244,5.511,135.24,52.116
2019-02-24T22:26:00Z,0.0271,5.484,135.19,52.227
2019-02-24T22:27:00Z,0.0253,5.252,135.15,52.173
2019-02-24T22:28:00Z,0.0255,5.235,135.11,52.371
2019-02-24T22:29:00Z,0.0295,5.145,135.07,52.143
2019-02-24T22:30:00Z,0.0256,5.193,135.03,52.18
2019-02-24T22:31:00Z,0.0275,4.945,134.99,52.239
2019-02-24T22:32:00Z,0.0276,4.92,134.95,52.333
2019-02-24T22:33:00Z,0.0245,4.697,134.91,52.503
2019-02-24T22:34:00Z,0.0259,4.711,134.87,52.561
2019-02-24T22:35:00Z,0.0269,4.68,134.83,52.592
2019-02-24T22:36:00Z,0.0274,4.87,134.79,52.718
2019-02-24T22:37:00Z,0.0259,4.796,134.74,52.757
2019-02-24T22:38:00Z,0.0281,4.648,134.7,52.945
2019-02-24T22:39:00Z,0.0253,4.631,134.66,52.773
2019-02-24T22:40:00Z,0.0255,4.528,134.62,52.641
2019-02-24T22:41:00Z,0.0293,4.638,134.58,52.755
2019-02-24T22:42:00Z,0.0263,4.612,134.54,52.942
2019-02-24T22:43:00Z,0.0261,4.478,134.5,52.921
2019-02-24T22:44:00Z,0.0273,4.247,134.46,52.777
2019-02-24T22:45:00Z,0.0272,4.036,134.42,53.001
2019-02-24T22:46:00Z,0.0256,4.165,134.38,53.237
2019-02-24T22:47:00Z,0.0284,3.956,134.34,53.024
2019-02-24T22:48:00Z,0.0284,4.059,134.3,52.961
2019-02-24T22:49:00Z,0.0259,4.281,134.26,53.099
2019-02-24T22:50:00Z,0.0259,4.528,134.22,53.18
2019-02-24T22:51:00Z,0.0266,4.429,134.19,53.13
2019-02-24T22:52:00Z,0.0261,4.324,134.15,52.992
2019-02-24T22:53:00Z,0.0264,4.344,134.11,52.828
2019-02-24T22:54:00Z,0.0255,4.185,134.07,52.967
2019-02-24T22:55:00Z,0.0262,4.102,134.03,53.219
2019-02-24T22:56:00Z,0.0265,4.214,133.99,53.033
2019-02-24T22:57:00Z,0.0282,4.057,133.95,53.084
2019-02-24T22:58:00Z,0.0254,4.099,133.91,52.928
2019-02-24T22:59:00Z,0.0244,4.014,133.87,52.898
2019-02-24T23:00:00Z,0.025,4.047,133.83,52.834
2019-02-24T23:01:00Z,0.0285,4.266,133.79,52.814
2019-02-24T23:02:00Z,0.0249,4.271,133.76,52.597
2019-02-24T23:03:00Z,0.0285,4.474,133.72,52.679
2019-02-24T23:04:00Z,0.0278,4.312,133.68,52.546
2019-02-24T23:05:00Z,0.0273,4.381,133.64,52.798
2019-02-24T23:06:00Z,0.0275,4.523,133.6,53.056
2019-02-24T23:07:00Z,0.0253,4.752,133.56,53.285
2019-02-24T23:08:00Z,0.0275,4.512,133.52,53.37
2019-02-24T23:09:00Z,0.0252,4.514,133.49,53.21
2019-02-24T23:10:00Z,0.0289,4.505,133.45,53.26
2019-02-24T23:11:00Z,0.0249,4.598,133.41,53.285
2019-02-24T23:12:00Z,0.0252,4.4,133.37,53.077
2019-02-24T23:13:00Z,0.0277,4.406,133.33,52.903
2019-02-24T23:14:00Z,0.0241,4.332,133.3,52.78
2019-02-24T23:15:00Z,0.0245,4.414,133.26,52.912
2019-02-24T23:16:00Z,0.0269,4.288,133.22,52.795
2019-02-24T23:17:00Z,0.029,4.054,133.18,52.654
2019-02-24T23:18:00Z,0.0248,3.978,133.15,52.517
2019-02-24T23:19:00Z,0.0294,4.205,133.11,52.318
2019-02-24T23:20:00Z,0.0277,4.455,133.07,52.35
2019-02-24T23:21:00Z,0.029,4.581,133.03,52.604
2019-02-24T23:22:00Z,0.0289,4.675,133,52.642
2019-02-24T23:23:00Z,0.0253,4.463,132.96,52.575
2019-02-24T23:24:00Z,0.0274,4.625,132.92,52.823
2019-02-24T23:25:00Z,0.0261,4.409,132.88,52.604
2019-02-24T23:26:00Z,0.0248,4.39,132.85,52.42
2019-02-24T23:27:00Z,0.0252,4.276,132.81,52.35
2019-02-24T23:28:00Z,0.0257,4.467,132.77,52.531
2019-02-24T23:29:00Z,0.0268,4.461,132.74,52.392
2019-02-24T23:30:00Z,0.0272,4.578,132.7,52.19
2019-02-24T23:31:00Z,0.0291,4.405,132.66,52.225
2019-02-24T23:32:00Z,0.0262,4.452,132.62,52.452
2019-02-24T23:33:00Z,0.0274,4.548,132.59,52.545
2019-02-24T23:34:00Z,0.0253,4.779,132.55,52.436
2019-02-24T23:35:00Z,0.0282,4.576,132.51,52.283
2019-02-24T23:36:00Z,0.0275,4.762,132.48,52.341
2019-02-24T23:37:00Z,0.0268,5.002,132.44,52.305
2019-02-24T23:38:00Z,0.0248,5.173,132.41,52.232
2019-02-24T23:39:00Z,0.0249,4.977,132.37,52.435
2019-02-24T23:40:00Z,0.0291,5.189,132.33,52.686
2019-02-24T23:41:00Z,0.0267,5.048,132.3,52.715
2019-02-24T23:42:00Z,0.027,4.874,132.26,52.75
2019-02-24T23:43:00Z,0.0253,4.929,132.22,52.629
2019-02-24T23:44:00Z,0.0244,5.027,132.19,52.878
2019-02-24T23:45:00Z,0.0281,4.877,132.15,52.727
2019-02-24T23:46:00Z,0.0274,4.923,132.11,52.811
2019-02-24T23:47:00Z,0.0261,4.676,132.08,52.767
2019-02-24T23:48:00Z,0.0277,4.887,132.04,52.797
2019-02-24T23:49:00Z,0.0247,4.96,132.01,52.687
2019-02-24T23:50:00Z,0.0262,4.904,131.97,52.473
2019-02-24T23:51:00Z,0.0266,5.017,131.93,52.728
2019-02-24T23:52:00Z,0.0289,5.129,131.9,52.607
2019-02-24T23:53:00Z,0.0275,5.153,131.86,52.373
2019-02-24T23:54:00Z,0.0297,5.148,131.82,52.162
2019-02-24T23:55:00Z,0.0255,5.15,131.77,51.969
2019-02-24T23:56:00Z,0.0259,5.138,131.73,51.925
2019-02-24T23:57:00Z,0.0249,5.093,131.7,52.136
2019-02-24T23:58:00Z,0.0286,5.093,131.66,51.987
2019-02-24T23:59:00Z,0.0253,5.006,131.63,51.878
2019-02-25T00:00:00Z,0.0273,5.003,131.55,51.73
2019-02-25T00:01:00Z,0.0276,5.214,131.48,51.866
2019-02-25T00:02:00Z,0.0252,5.039,131.41,52.066
2019-02-25T00:03:00Z,0.0251,5.279,131.34,52.177
2019-02-25T00:04:00Z,0.0282,5.239,131.27,52.203
2019-02-25T00:05:00Z,0.0264,5.462,131.2,52.429
2019-02-25T00:06:00Z,0.0288,5.508,131.12,52.2
2019-02-25T00:07:00Z,0.0298,5.309,131.05,52.277
2019-02-25T00:08:00Z,0.0258,5.52,130.98,52.258
2019-02-25T00:09:00Z,0.0275,5.397,130.91,52.197
2019-02-25T00:10:00Z,0.0274,5.317,130.83,52.306
2019-02-25T00:11:00Z,0.0289,5.126,130.76,52.091
2019-02-25T00:12:00Z,0.0266,4.951,130.69,52.257
2019-02-25T00:13:00Z,0.0255,4.852,130.62,52.082
2019-02-25T00:14:00Z,0.0257,4.639,130.54,52.153
2019-02-25T00:15:00Z,0.0262,4.84,130.47,52.179
2019-02-25T00:16:00Z,0.0255,4.788,130.4,52.257
2019-02-25T00:17:00Z,0.0252,5.008,130.32,52.316
2019-02-25T00:18:00Z,0.0288,4.929,130.25,52.097
2019-02-25T00:19:00Z,0.0293,4.687,130.18,52.019
2019-02-25T00:20:00Z,0.025,4.77,130.1,52.251
2019-02-25T00:21:00Z,0.0262,4.742,130.03,52.407
2019-02-25T00:22:00Z,0.0276,4.739,129.95,52.322
2019-02-25T00:23:00Z,0.0264,4.911,129.88,52.422
2019-02-25T00:24:00Z,0.0279,4.87,129.81,52.646
2019-02-25T00:25:00Z,0.0281,4.767,129.73,52.609
2019-02-25T00:26:00Z,0.0282,4.76,129.66,52.834
2019-02-25T00:27:00Z,0.0287,4.757,129.58,52.824
2019-02-25T00:28:00Z,0.0255,4.828,129.51,53.07
2019-02-25T00:29:00Z,0.0253,4.922,129.43,53.064
2019-02-25T00:30:00Z,0.0292,5.157,129.36,53.264
2019-02-25T00:31:00Z,0.0295,5.249,129.28,53.473
2019-02-25T00:32:00Z,0.0262,5.331,129.21,53.359
2019-02-25T00:33:00Z,0.0271,5.527,129.13,53.352
2019-02-25T00:34:00Z,0.0255,5.64,129.06,53.456
2019-02-25T00:35:00Z,0.0277,5.889,128.98,53.563
2019-02-25T00:36:00Z,0.0258,5.894,128.91,53.4
2019-02-25T00:37:00Z,0.0275,5.918,128.83,53.169
2019-02-25T00:38:00Z,0.0262,5.768,128.76,53.143
2019-02-25T00:39:00Z,0.0284,6.012,128.68,53.308
2019-02-25T00:40:00Z,0.0261,5.784,128.6,53.187
2019-02-25T00:41:00Z,0.0279,5.842,128.53,53.041
2019-02-25T00:42:00Z,0.0286,5.996,128.45,52.931
2019-02-25T00:43:00Z,0.0255,5.868,128.38,52.852
2019-02-25T00:44:00Z,0.0272,5.703,128.3,52.917
2019-02-25T00:45:00Z,0.0263,5.541,128.22,52.991
2019-02-25T00:46:00Z,0.0274,5.507,128.15,52.887
2019-02-25T00:47:00Z,0.0294,5.382,128.07,52.904
2019-02-25T00:48:00Z,0.0248,5.263,127.99,53.015
2019-02-25T00:49:00Z,0.0256,5.074,127.92,52.926
2019-02-25T00:50:00Z,0.0284,5.292,127.84,53.012
2019-02-25T00:51:00Z,0.0276,5.425,127.76,52.826
2019-02-25T00:52:00Z,0.0277,5.599,127.68,52.611
2019-02-25T00:53:00Z,0.0283,5.666,127.61,52.693
2019-02-25T00:54:00Z,0.0261,5.441,127.53,52.623
2019-02-25T00:55:00Z,0.0281,5.594,127.45,52.824
2019-02-25T00:56:00Z,0.0253,5.449,127.37,52.999
2019-02-25T00:57:00Z,0.0287,5.465,127.3,53.175
2019-02-25T00:58:00Z,0.0287,5.349,127.22,52.978
2019-02-25T00:59:00Z,0.0264,5.234,127.14,53.238
2019-02-25T01:00:00Z,0.0275,5.273,127.06,53.373
2019-02-25T01:01:00Z,0.0256,5.223,126.98,53.169
2019-02-25T01:02:00Z,0.0258,5.068,126.91,53.04
2019-02-25T01:03:00Z,0.0259,5.083,126.83,53.076
2019-02-25T01:04:00Z,0.0254,5.017,126.75,53.081
2019-02-25T01:05:00Z,0.0252,5.187,126.67,53.313
2019-02-25T01:06:00Z,0.0275,5.049,126.59,53.506
2019-02-25T01:07:00Z,0.0279,5.116,126.51,53.542
2019-02-25T01:08:00Z,0.0256,4.98,126.43,53.393
2019-02-25T01:09:00Z,0.0271,5.133,126.35,53.297
2019-02-25T01:10:00Z,0.0273,4.885,126.27,53.453
2019-02-25T01:11:00Z,0.0288,5.115,126.2,53.484
2019-02-25T01:12:00Z,0.0251,5.362,126.12,53.434
2019-02-25T01:13:00Z,0.0264,5.14,126.04,53.229
2019-02-25T01:14:00Z,0.0263,4.902,125.96,52.995
2019-02-25T01:15:00Z,0.027,4.967,125.88,53.116
2019-02-25T01:16:00Z,0.0257,4.952,125.8,53.289
2019-02-25T01:17:00Z,0.0294,5.081,125.72,53.392
2019-02-25T01:18:00Z,0.0257,4.847,125.64,53.275
2019-02-25T01:19:00Z,0.0246,4.871,125.56,53.326
2019-02-25T01:20:00Z,0.0276,4.987,125.48,53.557
2019-02-25T01:21:00Z,0.027,5.031,125.4,53.431
2019-02-25T01:22:00Z,0.0277,5.101,125.32,53.358
2019-02-25T01:23:00Z,0.0288,5.35,125.24,53.527
2019-02-25T01:24:00Z,0.0259,5.433,125.15,53.611
2019-02-25T01:25:00Z,0.0262,5.327,125.07,53.829
2019-02-25T01:26:00Z,0.0266,5.186,124.99,54.078
2019-02-25T01:27:00Z,0.029,5.162,124.91,54.203
2019-02-25T01:28:00Z,0.0278,5.401,124.83,54.251
2019-02-25T01:29:00Z,0.0299,5.494,124.75,54.252
2019-02-25T01:30:00Z,0.0251,5.45,124.67,54.467
2019-02-25T01:31:00Z,0.0275,5.381,124.59,54.283
2019-02-25T01:32:00Z,0.0252,5.153,124.5,54.262
2019-02-25T01:33:00Z,0.0271,5.223,124.42,54.427
2019-02-25T01:34:00Z,0.0284,5.125,124.34,54.285
2019-02-25T01:35:00Z,0.026,4.992,124.26,54.215
2019-02-25T01:36:00Z,0.0266,5.113,124.18,54.304
2019-02-25T01:37:00Z,0.0295,5.329,124.09,54.11
2019-02-25T01:38:00Z,0.0287,5.466,124.01,54.085
2019-02-25T01:39:00Z,0.027,5.638,123.93,54.308
2019-02-25T01:40:00Z,0.0253,5.724,123.85,54.538
2019-02-25T01:41:00Z,0.0259,5.882,123.77,54.337
2019-02-25T01:42:00Z,0.0285,5.818,123.68,54.401
2019-02-25T01:43:00Z,0.0248,5.864,123.6,54.289
2019-02-25T01:44:00Z,0.0262,6.069,123.52,54.23
2019-02-25T01:45:00Z,0.0288,5.84,123.43,54.067
2019-02-25T01:46:00Z,0.0284,6.014,123.35,53.96
2019-02-25T01:47:00Z,0.0242,6.207,123.27,54.123
2019-02-25T01:48:00Z,0.027,6.227,123.18,54.183
2019-02-25T01:49:00Z,0.027,6.059,123.1,54.11
2019-02-25T01:50:00Z,0.0267,6.274,123.02,54.012
2019-02-25T01:51:00Z,0.0281,6.222,122.93,53.921
2019-02-25T01:52:00Z,0.0264,6.43,122.85,54.024
2019-02-25T01:53:00Z,0.026,6.312,122.77,53.862
2019-02-25T01:54:00Z,0.0261,6.561,122.68,53.669
2019-02-25T01:55:00Z,0.0264,6.642,122.6,53.474
2019-02-25T01:56:00Z,0.0273,6.784,122.51,53.48
2019-02-25T01:57:00Z,0.0273,6.742,122.43,53.69
2019-02-25T01:58:00Z,0.027,6.929,122.35,53.834
2019-02-25T01:59:00Z,0.0257,6.744,122.26,53.712
2019-02-25T02:00:00Z,0.0257,6.901,122.18,53.815
2019-02-25T02:01:00Z,0.0252,6.874,122.09,53.882
2019-02-25T02:02:00Z,0.0294,6.648,122.01,54.116
2019-02-25T02:03:00Z,0.0277,6.585,121.92,53.96
2019-02-25T02:04:00Z,0.0249,6.811,121.84,53.765
2019-02-25T02:05:00Z,0.0297,6.935,121.75,53.752
2019-02-25T02:06:00Z,0.0284,7.098,121.67,53.535
2019-02-25T02:07:00Z,0.0258,7.21,121.58,53.724
2019-02-25T02:08:00Z,0.0296,7.372,121.5,53.518
2019-02-25T02:09:00Z,0.0269,7.177,121.41,53.382
2019-02-25T02:10:00Z,0.0296,7.214,121.33,53.491
2019-02-25T02:11:00Z,0.0253,7.051,121.24,53.491
2019-02-25T02:12:00Z,0.0269,7.242,121.15,53.435
2019-02-25T02:13:00Z,0.0274,7.32,121.07,53.541
2019-02-25T02:14:00Z,0.029,7.237,120.98,53.649
2019-02-25T02:15:00Z,0.0257,7.25,120.9,53.672
2019-02-25T02:16:00Z,0.0287,7.072,120.81,53.803
2019-02-25T02:17:00Z,0.0289,6.935,120.72,53.796
2019-02-25T02:18:00Z,0.0262,7.167,120.64,53.753
2019-02-25T02:19:00Z,0.0279,7.353,120.55,53.982
2019-02-25T02:20:00Z,0.0288,7.435,120.46,54.069
2019-02-25T02:21:00Z,0.0248,7.528,120.38,53.976
2019-02-25T02:22:00Z,0.0276,7.523,120.29,54.159
2019-02-25T02:23:00Z,0.0267,7.395,120.2,54.121
2019-02-25T02:24:00Z,0.0251,7.639,120.12,54.055
